CREATE DATABASE DU2025

USE DU2025


CREATE TABLE DEPOSIT
(
	ACTNO INT,
	CNAME VARCHAR(50),
	BNAME VARCHAR(50),
	AMOUNT DECIMAL(8,2),
	ADATE DATE
)

INSERT INTO DEPOSIT 
VALUES
(101,'ANIL','VRCE',1000,'1995-3-1'),
(102,'SUNIL','AJNI',5000,'1996-1-4'),
(103,'MEHUL','KAROLBAGH ',3500,'1995-11-17'),
(104,'MADHURI','CHANDI ',1200,'1995-12-17'),
(105,'PRAMOD','M.G. ROAD ',3000,'1996-3-27'),
(106,'SANDIP','ANDHERI ',2000,'1996-3-31'),
(107,'SHIVANI','VIRAR ',1000,'1995-9-5'),
(108,'KRANTI','NEHRU PLACE ',5000,'1995-7-2'),
(109,'MINU','POWAI',7000,'1995-8-10')

SELECT * FROM DEPOSIT


CREATE TABLE BRANCH
(
	BNAME VARCHAR(50),
	CITY VARCHAR(50)
)

INSERT INTO BRANCH 
VALUES
('VRCE','NAGPUR'),
('AJNI','NAGPUR'),
('KAROLBAGH','DELHI'),
('CHANDI','DELHI'),
('DHARAMPETH','NAGPUR'),
('M.G. ROAD','BANGLORE'),
('ANDHERI','BOMBAY'),
('VIRAR','BOMBAY'),
('NEHRU PLACE','DELHI'),
('POWAI','BOMBAY')

SELECT * FROM BRANCH


CREATE TABLE CUSTOMERS
(
	CNAME VARCHAR(50),
	CITY VARCHAR(50)
)

INSERT INTO CUSTOMERS 
VALUES
('ANIL','CALCUTTA'),
('SUNIL','DELHI'),
('MEHUL','BARODA'),
('MANDAR','PATNA'),
('MADHURI','NAGRPUR'),
('PRAMOD','NAGPUR'),
('SANDIP','SURAT'),
('SHIVANI','BOMBAY'),
('KRANTI','BOMBAY'),
('NAREN','BOMBAY')

SELECT * FROM CUSTOMERS


CREATE TABLE BORROW
(
	LOANNO INT,
	CNAME VARCHAR(50),
	BNAME VARCHAR(50),
	AMOUNT DECIMAL(8,2)
)

INSERT INTO BORROW 
VALUES
(201,'ANIL','VRCE',1000),
(206,'MEHUL','AJNI',5000),
(311,'SUNIL','DHARAMPETH',3000),
(321,'MADHURI','ANDHERI',2000),
(375,'PRAMOD','VIRAR',8000),
(481,'KRANTI','NEHRU PLACE',3000)

SELECT * FROM BORROW



-- PART :: A
-- 1.
SELECT * FROM DEPOSIT
-- 2.
SELECT * FROM BORROW
-- 3.
SELECT ACTNO,CNAME,AMOUNT FROM DEPOSIT
-- 4.
SELECT LOANNO,AMOUNT FROM BORROW
-- 5.
SELECT * FROM BORROW WHERE BNAME='ANDHERI'
-- 6.
SELECT ACTNO,AMOUNT FROM DEPOSIT WHERE ACTNO=106
-- 7.
SELECT CNAME FROM BORROW WHERE AMOUNT>5000
-- 8.
SELECT * FROM DEPOSIT WHERE ADATE>'1995-12-1'
-- 9.
SELECT CNAME FROM DEPOSIT WHERE ACTNO<105
-- 10.
SELECT CNAME FROM CUSTOMERS WHERE CITY='NAGPUR' OR CITY='DELHI'
SELECT CNAME FROM CUSTOMERS WHERE CITY IN ('NAGPUR','DELHI')
-- 11.
SELECT CNAME,BNAME FROM DEPOSIT WHERE AMOUNT>4000 /*&&*/AND ACTNO<105
-- 12.
SELECT * FROM BORROW WHERE AMOUNT>=3000 AND AMOUNT<=8000
SELECT * FROM BORROW WHERE AMOUNT BETWEEN 3000 AND 8000
-- 13.
SELECT * FROM DEPOSIT WHERE BNAME!='ANDHERI'
SELECT * FROM DEPOSIT WHERE NOT BNAME='ANDHERI'
-- 14.
SELECT ACTNO,CNAME,AMOUNT FROM DEPOSIT WHERE BNAME IN ('AJNI','KAROLBAGH','M.G. ROAD') AND ACTNO<104
-- 15.
SELECT LOANNO,CNAME FROM BORROW WHERE BNAME NOT IN ('VIRAR','AJNI')
-- 16.
SELECT CNAME FROM DEPOSIT WHERE CNAME!='MINU'
SELECT CNAME FROM DEPOSIT WHERE NOT CNAME='MINU'
SELECT CNAME FROM DEPOSIT WHERE CNAME<>'MINU'
-- 17.
INSERT INTO DEPOSIT(ACTNO,CNAME,AMOUNT,ADATE) VALUES(110,'ABC',4500,'1996-7-7')
SELECT CNAME FROM DEPOSIT WHERE BNAME IS NULL
-- 18.
SELECT DISTINCT BNAME FROM BRANCH 
-- 19.
SELECT * FROM BORROW
-- 20.
SELECT TOP 5 * FROM DEPOSIT



-- PART :: B
-- 1.
SELECT TOP 5 * FROM CUSTOMERS
-- 2.
SELECT TOP 3 * FROM DEPOSIT WHERE AMOUNT>1000
-- 3.
SELECT TOP 5 LOANNO,CNAME FROM BORROW WHERE BNAME!='ANDHERI'
-- 4.
SELECT * FROM DEPOSIT WHERE NOT ACTNO BETWEEN 105 AND 109
-- 5.
SELECT * FROM BORROW WHERE AMOUNT>1000 AND AMOUNT<=7000 AND LOANNO BETWEEN 250 AND 600



-- PART :: C
-- 1.
SELECT ACTNO,CNAME,BNAME,AMOUNT,ADATE FROM DEPOSIT
-- 2.
SELECT DISTINCT CNAME,CITY FROM CUSTOMERS
-- 3. 
SELECT * FROM BORROW WHERE AMOUNT>3000 AND LOANNO % 3!=0
-- 4.
SELECT * FROM DEPOSIT WHERE AMOUNT>2000AND ACTNO BETWEEN 100 AND 110 AND ADATE BETWEEN '1995-03-01' AND '1996-03-27'
-- 5.
SELECT * FROM BORROW WHERE LOANNO%2=0
SELECT * FROM BORROW WHERE LOANNO%2!=0